dc_id,sku,mean_weekly_demand,sd_weekly_demand,mean_lead_days,sd_lead_days,mean_protection_demand,current_safety_stock,current_reorder_point,recommended_reorder_point,recommended_safety_stock,safety_stock_change
DC-01,SKU-501,181.53846153846155,67.06463418502365,6.967307692307693,0.8091925662976849,453.84615384615387,360,814,691,238,-122
DC-01,SKU-502,312.2692307692308,62.61119219142833,6.957692307692308,0.8476833837909968,768.6627218934912,626,1395,1074,306,-320
DC-01,SKU-503,270.36538461538464,61.9338764553806,6.809615384615385,0.9522439165578418,644.7174556213018,552,1197,927,283,-269
DC-01,SKU-SKU-101,161.17307692307693,80.05701917857468,6.744230769230769,0.9304043947973484,381.23631656804736,321,703,637,256,-65
DC-01,SKU-SKU-102,148.19230769230768,94.91276458329851,7.19423076923077,0.9874533419681673,376.180473372781,307,684,676,300,-7
DC-01,SKU-SKU-103,379.7307692307692,126.74478221609174,6.957692307692307,1.0131190731647768,956.6294378698225,731,1688,1423,467,-264
DC-01,SKU-SKU-201,413.15384615384613,248.3522470451355,6.93653846153846,1.016728480182036,1040.8298816568047,731,1772,1821,781,50
DC-01,SKU-SKU-202,301.3076923076923,113.97291361418903,6.926923076923075,1.0475209548403137,770.6523668639053,611,1382,1159,389,-222
DC-01,SKU-SKU-203,276.5769230769231,109.98276980096477,7.061538461538462,0.9984603532054124,707.3986686390532,563,1271,1072,365,-198
DC-01,SKU-SKU-301,369.8076923076923,201.89116058902107,7.048076923076923,0.8934380355562338,910.2958579881657,760,1671,1542,632,-128
DC-01,SKU-SKU-302,146.98076923076923,82.51785080428031,7.053846153846154,0.9663883720695274,361.79881656804736,327,689,623,262,-65
DC-01,SKU-SKU-303,567.1153846153846,234.44290695480169,6.878846153846154,0.9088533043392902,1385.0702662721894,1104,2490,2200,815,-289
DC-01,SKU-SKU-401,261.0,65.77948902561184,7.065384615384616,0.8939633311303834,662.5384615384615,507,1170,932,270,-237
DC-01,SKU-SKU-402,465.5192307692308,108.90263512262494,7.144230769230769,0.8837117491044686,1217.5118343195265,970,2188,1666,449,-521
DC-01,SKU-SKU-403,230.57692307692307,143.46555863982513,6.838461538461538,0.9925514450348274,558.7056213017752,518,1077,999,441,-77
DC-02,SKU-501,209.75,76.41036655877957,9.521153846153847,1.995321639850454,609.0817307692307,421,1031,835,226,-195
DC-02,SKU-502,287.9423076923077,57.43859925839256,9.71923076923077,1.9538838608729507,830.6028106508875,583,1414,1021,191,-392
DC-02,SKU-503,214.01923076923077,41.37418461236255,10.075,2.546190926716635,625.5946745562131,445,1071,784,159,-286
DC-02,SKU-SKU-101,227.46153846153845,121.47564292909796,9.35576923076923,2.2041327903431913,651.7647928994082,469,1121,1028,377,-92
DC-02,SKU-SKU-102,180.46153846153845,90.75661517259626,10.06153846153846,2.341204135143553,534.4437869822485,338,873,836,302,-36
DC-02,SKU-SKU-103,333.75,105.35781702295819,10.080769230769231,1.6749642620171605,981.9951923076924,653,1635,1303,322,-331
DC-02,SKU-SKU-201,532.2307692307693,280.6946296478117,9.513461538461538,2.0820454541151374,1555.751479289941,1013,2569,2395,840,-173
DC-02,SKU-SKU-202,529.1153846153846,210.00071464361633,9.742307692307692,2.194319417812878,1546.6449704142015,1054,2601,2203,657,-397
DC-02,SKU-SKU-203,374.65384615384613,136.10288562375567,9.16346153846154,2.1414699776458157,1066.3224852071005,742,1809,1496,430,-312
DC-02,SKU-SKU-301,238.8846153846154,127.30766405562608,10.02115384615385,2.179794606123907,707.4659763313609,474,1182,1052,345,-129
DC-02,SKU-SKU-302,186.05769230769232,94.55995368880507,9.521153846153847,2.116446942907329,533.126849112426,394,928,818,285,-109
DC-02,SKU-SKU-303,469.0192307692308,176.12222698629597,9.682692307692308,2.5354522475383976,1343.9204881656806,916,2260,1915,572,-344
DC-02,SKU-SKU-401,196.67307692307693,55.18728226394412,9.840384615384615,2.326931802583892,574.8905325443787,399,974,760,186,-213
DC-02,SKU-SKU-402,416.3076923076923,101.43993460085153,10.055769230769231,2.0449280596712365,1216.8994082840238,840,2057,1544,328,-512
DC-02,SKU-SKU-403,287.2692307692308,141.44480186937685,9.875,2.098540575976459,861.8076923076924,624,1486,1322,461,-163
DC-03,SKU-501,180.3653846153846,71.12789608732959,6.392307692307692,0.7289116662494641,391.94785502958587,369,761,616,225,-144
DC-03,SKU-502,321.9230769230769,72.7574121697647,6.365384615384615,0.7600011907587718,693.3727810650887,664,1358,1022,329,-335
DC-03,SKU-503,195.80769230769232,37.40506333636646,6.2576923076923086,0.7867396494508838,425.505177514793,387,813,622,197,-190
DC-03,SKU-SKU-101,197.73076923076923,78.62846747480137,6.344230769230768,0.7719121817212063,425.8816568047337,360,786,662,237,-123
DC-03,SKU-SKU-102,121.98076923076923,69.70258677637618,6.31923076923077,0.7687623007881709,262.72781065088753,279,542,453,191,-88
DC-03,SKU-SKU-103,471.84615384615387,144.43200240338143,6.332692307692308,0.8391688590845797,1025.3579881656806,919,1945,1571,546,-373
DC-03,SKU-SKU-201,564.2115384615385,272.81641723201375,6.380769230769231,0.8119302736262327,1215.224852071006,1028,2244,2010,795,-233
DC-03,SKU-SKU-202,334.9807692307692,102.72760294701624,6.498076923076924,0.8166143363663012,740.8228550295859,639,1380,1125,385,-254
DC-03,SKU-SKU-203,222.1153846153846,80.80275035266469,6.348076923076925,0.6766382833655193,474.1309171597633,429,904,730,256,-173
DC-03,SKU-SKU-301,246.1153846153846,144.0882972546054,6.1499999999999995,0.7190680242712867,506.42973372781057,464,971,864,358,-106
DC-03,SKU-SKU-302,162.82692307692307,90.04894554778794,6.334615384615385,0.6615147843810832,350.7041420118343,297,648,592,242,-55
DC-03,SKU-SKU-303,601.0769230769231,323.4655993561255,6.226923076923076,0.7478375058415352,1283.0680473372781,1218,2502,2240,957,-261
DC-03,SKU-SKU-401,298.84615384615387,62.584024966403966,6.240384615384614,0.703286295811542,632.1745562130178,592,1225,910,278,-314
DC-03,SKU-SKU-402,378.5576923076923,86.39680764380547,6.303846153846154,0.8114285486675707,829.9149408284025,785,1615,1236,407,-378
DC-03,SKU-SKU-403,233.84615384615384,113.53575658854233,6.115384615384615,0.7013669050111697,499.17159763313606,447,947,815,316,-131
DC-04,SKU-501,199.1346153846154,74.60327197948659,8.376923076923077,2.795908452077462,543.7906804733728,412,956,807,264,-148
DC-04,SKU-502,358.9807692307692,86.79308059178662,7.705769230769231,2.130213416679962,925.0658284023667,739,1665,1278,353,-386
DC-04,SKU-503,173.09615384615384,32.78704886311572,7.6038461538461535,1.5403031963388192,452.7130177514793,340,793,598,146,-194
DC-04,SKU-SKU-101,259.0576923076923,128.22321429743607,8.603846153846153,2.8066420895804516,712.4086538461539,529,1242,1126,414,-115
DC-04,SKU-SKU-102,168.05769230769232,91.85867522546783,8.682692307692308,2.2374461241270236,468.62241124260356,366,835,741,273,-93
DC-04,SKU-SKU-103,468.9230769230769,167.46668924306468,8.640384615384615,2.663203114590135,1280.5207100591715,956,2237,1859,579,-377
DC-04,SKU-SKU-201,423.6730769230769,215.9009141970715,8.625,2.363436763134003,1140.6582840236688,826,1967,1825,685,-141
DC-04,SKU-SKU-202,539.8653846153846,210.79336865394183,7.951923076923077,2.1247828386952574,1443.1017011834322,1047,2491,2179,736,-311
DC-04,SKU-SKU-203,327.71153846153845,106.6501218550845,8.342307692307692,2.2390777297672515,888.6024408284023,647,1536,1280,392,-255
DC-04,SKU-SKU-301,278.9807692307692,165.11772275568765,8.461538461538462,2.266737644173077,772.5621301775147,534,1307,1273,501,-33
DC-04,SKU-SKU-302,170.84615384615384,82.7889792361052,8.103846153846153,2.511226677711047,459.9704142011835,366,826,729,270,-96
DC-04,SKU-SKU-303,574.1153846153846,236.4706717168159,8.067307692307692,2.032261480961171,1545.6952662721894,1100,2646,2321,776,-324
DC-04,SKU-SKU-401,241.25,63.36383424474941,8.624999999999998,2.134761317420039,681.9951923076923,472,1154,894,213,-259
DC-04,SKU-SKU-402,344.88461538461536,66.25815638911533,8.39423076923077,2.6900990186264675,941.8002958579881,681,1623,1262,321,-360
DC-04,SKU-SKU-403,240.1153846153846,109.82975307553724,8.638461538461538,2.1342357631267808,678.787721893491,465,1144,1022,344,-121
DC-05,SKU-501,215.25,84.80077575486825,10.476923076923075,2.8376747858141265,658.1682692307692,435,1094,975,317,-118
DC-05,SKU-502,319.8269230769231,70.81035737740304,10.99230769230769,2.5314373312986853,996.3838757396451,642,1639,1348,352,-290
DC-05,SKU-503,275.5576923076923,59.45220966276882,10.990384615384617,2.620377133116276,837.271449704142,540,1378,1117,280,-260
DC-05,SKU-SKU-101,176.15384615384616,85.86660530430716,11.109615384615383,2.9059276548883575,535.2366863905326,342,878,820,285,-57
DC-05,SKU-SKU-102,151.76923076923077,73.35025171632108,11.299999999999999,3.4405881850090005,466.9822485207101,297,764,725,259,-38
DC-05,SKU-SKU-103,522.2115384615385,185.14089351758213,11.298076923076923,2.91214430695923,1626.8897928994083,1060,2687,2347,721,-339
DC-05,SKU-SKU-201,345.4423076923077,212.97504350358622,10.5,2.929431451229228,1016.3975591715977,744,1761,1733,717,-27
DC-05,SKU-SKU-202,396.4423076923077,124.2030932426432,11.330769230769231,2.8837297785849207,1235.0702662721894,674,1910,1722,487,-187
DC-05,SKU-SKU-203,231.69230769230768,81.96688438477216,10.892307692307693,2.521581059717094,695.0769230769231,463,1159,989,294,-169
DC-05,SKU-SKU-301,331.9423076923077,188.45360519824817,11.16923076923077,2.467954496477143,1014.9774408284022,660,1675,1579,565,-95
DC-05,SKU-SKU-302,165.57692307692307,70.88414910449639,11.307692307692305,2.487052445014659,515.8357988165681,321,837,758,243,-78
DC-05,SKU-SKU-303,484.2307692307692,206.73793351085297,11.655769230769234,2.630098295452201,1536.5014792899408,946,2483,2227,691,-255
DC-05,SKU-SKU-401,246.69230769230768,46.94992679379473,10.667307692307693,2.7837568883207098,754.309171597633,479,1234,1029,275,-204
DC-05,SKU-SKU-402,384.84615384615387,79.70863230132868,11.16346153846154,2.7774320800473262,1169.3402366863907,782,1952,1533,364,-418
DC-05,SKU-SKU-403,345.88461538461536,167.76917544430185,10.686538461538463,2.425116034915738,1044.3054733727809,661,1706,1575,531,-130
DC-06,SKU-501,203.90384615384616,77.15308429537728,7.600000000000002,1.2766377409306946,552.8931213017752,388,941,806,254,-134
DC-06,SKU-502,482.4807692307692,114.66122143670661,7.596153846153846,1.2766318336201585,1289.7082100591717,958,2248,1727,438,-520
DC-06,SKU-503,240.25,53.2253348933551,7.957692307692308,1.1869133066853397,660.6875,510,1171,853,193,-317
DC-06,SKU-SKU-101,260.84615384615387,128.81943353199966,7.876923076923077,1.2798001352256845,712.3106508875741,519,1232,1126,414,-105
DC-06,SKU-SKU-102,192.55769230769232,122.79544819141677,7.669230769230769,1.2356689799676523,522.1275887573966,368,891,903,381,13
DC-06,SKU-SKU-103,496.8076923076923,195.32316494260886,8.028846153846155,1.2579685675897234,1356.6671597633137,966,2323,1983,627,-339
DC-06,SKU-SKU-201,607.3846153846154,351.8875797442708,7.4,1.3796845334222985,1576.8639053254437,1139,2716,2655,1079,-60
DC-06,SKU-SKU-202,388.0192307692308,148.7708450228352,8.105769230769232,1.296815626537084,1074.5147928994083,781,1856,1549,475,-306
DC-06,SKU-SKU-203,291.7307692307692,98.94742422206347,7.563461538461538,1.335052153810354,779.8187869822486,585,1365,1129,350,-235
DC-06,SKU-SKU-301,281.63461538461536,157.7647825765237,7.859615384615385,0.9766408245362413,779.9112426035502,580,1360,1262,483,-97
DC-06,SKU-SKU-302,152.5,74.40390565333642,7.999999999999999,1.2810840997328141,425.2403846153846,285,711,651,226,-59
DC-06,SKU-SKU-303,626.0576923076923,254.0903354461148,7.59423076923077,1.0940863251489017,1649.4212278106509,1174,2824,2517,868,-306
DC-06,SKU-SKU-401,207.40384615384616,37.250745282916554,7.632692307692308,1.320386329954921,546.4293639053254,389,936,711,165,-224
DC-06,SKU-SKU-402,478.8076923076923,93.33327138545671,7.721153846153846,1.152888365675709,1316.7211538461538,964,2281,1675,359,-605
DC-06,SKU-SKU-403,325.71153846153845,169.93151291017116,7.6557692307692315,1.475607347413455,851.8609467455622,659,1511,1412,561,-98
